{
  "policy": "frontier",
  "seed": 789,
  "episode": 3,
  "budget_s": 600.0,
  "unique_biomes": 2,
  "biomes_per_action": 0.1,
  "position_entropy": 0.19144408195771734,
  "position_coverage": 0.0015822784810126582,
  "biome_entropy": 0.31449220128141064,
  "n_actions": 20
}