{
  "policy": "frontier",
  "seed": 456,
  "episode": 0,
  "budget_s": 600.0,
  "unique_biomes": 3,
  "biomes_per_action": 0.15789473684210525,
  "position_entropy": 1.399631001290909,
  "position_coverage": 0.004746835443037975,
  "biome_entropy": 0.6128694524619495,
  "n_actions": 19
}