{
  "policy": "frontier",
  "seed": 456,
  "episode": 2,
  "budget_s": 600.0,
  "unique_biomes": 2,
  "biomes_per_action": 0.03636363636363636,
  "position_entropy": 0.6113472987355681,
  "position_coverage": 0.0031645569620253164,
  "biome_entropy": 0.20889975708752806,
  "n_actions": 55
}