{
  "policy": "frontier",
  "seed": 789,
  "episode": 2,
  "budget_s": 600.0,
  "unique_biomes": 3,
  "biomes_per_action": 0.06382978723404255,
  "position_entropy": 1.6057440534377478,
  "position_coverage": 0.010284810126582278,
  "biome_entropy": 0.6786885216589437,
  "n_actions": 47
}