{
  "policy": "frontier",
  "seed": 456,
  "episode": 4,
  "budget_s": 600.0,
  "unique_biomes": 3,
  "biomes_per_action": 0.07894736842105263,
  "position_entropy": 1.3003506220803507,
  "position_coverage": 0.007120253164556962,
  "biome_entropy": 0.8165822157577665,
  "n_actions": 38
}