{
  "policy": "frontier",
  "seed": 123,
  "episode": 2,
  "budget_s": 600.0,
  "unique_biomes": 1,
  "biomes_per_action": 0.02564102564102564,
  "position_entropy": 0.9794341698023807,
  "position_coverage": 0.0031645569620253164,
  "biome_entropy": -0.0,
  "n_actions": 39
}