{
  "policy": "random",
  "seed": 456,
  "episode": 4,
  "budget_s": 600.0,
  "unique_biomes": 3,
  "biomes_per_action": 0.08571428571428572,
  "position_entropy": 1.8191213250911893,
  "position_coverage": 0.007120253164556962,
  "biome_entropy": 0.6811430722176515,
  "n_actions": 35
}