{
  "policy": "random",
  "seed": 456,
  "episode": 1,
  "budget_s": 600.0,
  "unique_biomes": 3,
  "biomes_per_action": 0.21428571428571427,
  "position_entropy": 2.1383972463477243,
  "position_coverage": 0.007120253164556962,
  "biome_entropy": 0.8760057656431737,
  "n_actions": 14
}