{
  "policy": "random",
  "seed": 789,
  "episode": 2,
  "budget_s": 600.0,
  "unique_biomes": 2,
  "biomes_per_action": 0.03571428571428571,
  "position_entropy": 2.5722707680755885,
  "position_coverage": 0.013449367088607595,
  "biome_entropy": 0.49051877240857744,
  "n_actions": 56
}