{
  "policy": "random",
  "seed": 123,
  "episode": 3,
  "budget_s": 600.0,
  "unique_biomes": 2,
  "biomes_per_action": 0.25,
  "position_entropy": 0.6829081047004717,
  "position_coverage": 0.0015822784810126582,
  "biome_entropy": 0.37677016125643675,
  "n_actions": 8
}